question,answers,sources
what is biochemical,"Biochemistry is the scientific study of the chemical processes and substances that occur within living organisms. It combines elements of biology, chemistry, and physics to understand the chemical basis of life and how biological molecules interact with each other. Biochemists study the structure and function of biomolecules, such as proteins, nucleic acids, lipids, and carbohydrates, and how they contribute to the physiological and biochemical processes of cells and organisms. They also investigate metabolic pathways, enzymatic reactions, and other biochemical processes that occur within cells and their regulation. Understanding the biochemical basis of biological processes is essential for developing new drugs and treatments for diseases, as well as for advancing our understanding of life itself.",
"describe the spleen in biochemical, historical, and other contexts
","The spleen is an important organ in the body that is involved in a variety of biochemical and physiological processes. Here is a description of the spleen in biochemical, historical, and other contexts:

Biochemical context:
The spleen is a highly vascularized organ that is primarily responsible for filtering the blood and removing old or damaged red blood cells, as well as other cellular debris and foreign particles. The spleen contains specialized immune cells, such as B cells, T cells, and macrophages, that are involved in the immune response to infections and other foreign invaders. The spleen also serves as a reservoir of blood cells that can be released into circulation in response to blood loss or other emergencies.

Historical context:
The spleen has been recognized as an important organ since ancient times, with references to the spleen dating back to the Hippocratic era in ancient Greece. However, the function of the spleen was poorly understood until the 19th century, when it was discovered that the spleen played a role in filtering the blood and removing old red blood cells. In the early 20th century, it was discovered that the spleen was also involved in the immune response.

Other contexts:
In addition to its physiological functions, the spleen has cultural and symbolic significance in various cultures and traditions. In traditional Chinese medicine, for example, the spleen is believed to be responsible for digestion and metabolism, as well as the emotions of worry and overthinking. In some cultures, the spleen is associated with courage, willpower, and determination.

Overall, the spleen is a complex organ with a variety of functions and historical and cultural significance. Its biochemical and physiological properties make it an important target for medical research and treatment of various diseases and disorders.",
describe the biochemical pathways of CD8+ T cells,"The activation and function of CD8+ T cells involves a complex series of biochemical pathways. Here is a brief overview of some of the key steps involved:
Antigen recognition: CD8+ T cells recognize antigens presented on the surface of infected or abnormal cells, usually in the form of short peptide fragments displayed by MHC class I molecules.
T cell receptor signaling: Binding of the T cell receptor (TCR) to the antigen-MHC complex triggers a cascade of intracellular signaling events, including the activation of a protein tyrosine kinase called Lck.
Co-stimulation: In addition to TCR signaling, CD8+ T cell activation requires co-stimulation by other cell surface receptors, such as CD28, that interact with ligands on antigen-presenting cells (APCs). This helps to prevent inappropriate or self-reactive responses.
Signal transduction: The activation of Lck and other signaling molecules leads to the activation of downstream signaling pathways, including the mitogen-activated protein kinase (MAPK) pathway and the nuclear factor kappa B (NF-κB) pathway.
Activation of effector functions: CD8+ T cells undergo a process of clonal expansion and differentiation into effector cells, which can migrate to the site of infection or abnormality and release cytotoxic substances, such as perforin and granzymes, that induce apoptosis in the target cells.
Regulation of the immune response: CD8+ T cells also play a key role in regulating the immune response, through the release of cytokines and interactions with other immune cells such as helper T cells.
Memory formation: After the initial immune response, a subset of CD8+ T cells differentiate into long-lived memory cells that can rapidly respond to a subsequent exposure to the same antigen.
These biochemical pathways are complex and interconnected, and the details of the CD8+ T cell response can vary depending on the nature of the antigen and the context of the immune response.",
What is the nerve cell,"A nerve cell, also known as a neuron, is a specialized type of cell that transmits information throughout the nervous system. Neurons are the basic building blocks of the nervous system, and they come in a variety of shapes and sizes depending on their location and function.

At the cellular level, a typical nerve cell consists of a cell body, dendrites, and an axon. The cell body contains the nucleus and other organelles that are responsible for maintaining the cell's metabolic processes. Dendrites are branched extensions that receive incoming signals from other neurons or sensory receptors. These signals are transmitted to the cell body, where they are integrated and processed. The axon is a long, thin extension that carries the outgoing signal from the cell body to other neurons or effector cells such as muscle fibers.

The axon is surrounded by a specialized membrane known as the axon hillock, which is responsible for initiating the electrical impulse that travels down the axon. This electrical impulse, known as an action potential, is generated by the opening and closing of ion channels in response to changes in membrane potential. The action potential travels down the axon and is transmitted to other neurons or effector cells at specialized junctions known as synapses.

At the synapse, the axon terminal releases neurotransmitters, which are chemical messengers that transmit the signal from one neuron to the next. The neurotransmitters bind to receptors on the postsynaptic membrane, which generates an electrical signal in the receiving neuron. This signal is then transmitted to the next neuron in the pathway, or to an effector cell such as a muscle fiber.

Overall, the cellular structure and function of a nerve cell are highly specialized to enable the rapid transmission of signals throughout the nervous system. By understanding the cellular basis of neural communication, researchers can develop new therapies and treatments for a wide range of neurological disorders and diseases.",
What is the heart,"The human heart is a muscular organ that pumps blood throughout the body. It is located in the chest cavity, slightly to the left of the midline, and is roughly the size of a closed fist. The heart is composed of four chambers: the right and left atria, and the right and left ventricles.

Blood flows into the right atrium from the body and is then pumped into the right ventricle, which then pumps the blood to the lungs for oxygenation. Oxygenated blood returns to the heart in the left atrium and is then pumped into the left ventricle, which then pumps the blood out to the rest of the body.

The heart is surrounded by a double-layered sac called the pericardium, which helps protect the heart and keep it in place within the chest cavity. The heart is also supplied with oxygen and nutrients by a network of blood vessels, including the coronary arteries.

The heart's rhythmic contractions are coordinated by a specialized system of electrical impulses, known as the cardiac conduction system. This system includes the sinoatrial node, which acts as the heart's natural pacemaker, and the atrioventricular node, which helps coordinate the contraction of the atria and ventricles.

The heart is a vital organ that plays a crucial role in maintaining the body's overall health and function. Understanding the anatomy and function of the heart is essential for medical students, as it is relevant to a wide range of medical specialties, including cardiology, internal medicine, and emergency medicine.",
what is the cardiac conduction system,"The cardiac conduction system is a specialized system of electrical impulses that coordinates the rhythmic contractions of the heart. The system includes several components, including the sinoatrial (SA) node, atrioventricular (AV) node, and the His-Purkinje system.
The SA node, located in the upper right atrium, is the heart's natural pacemaker and initiates the electrical signal that triggers the heartbeat. The electrical signal spreads through the atria, causing them to contract and pump blood into the ventricles.
The AV node, located at the bottom of the right atrium, slows down the electrical signal before it passes into the ventricles. This allows time for the atria to finish contracting before the ventricles contract.
After passing through the AV node, the electrical signal travels down the His-Purkinje system, a network of specialized muscle fibers that rapidly distribute the electrical signal throughout the ventricles. This coordinated contraction of the ventricles is essential for effective pumping of blood out of the heart.
Overall, the cardiac conduction system ensures that the heart's contractions are synchronized and coordinated, allowing for efficient pumping of blood throughout the body. Dysfunction of the cardiac conduction system can lead to various heart rhythm disorders, such as atrial fibrillation, which can have significant health consequences if left untreated.",
What is the SA node,"The SA node, also known as the sinoatrial node, is a specialized group of cells located in the upper right atrium of the heart that serves as the heart's natural pacemaker. It generates electrical impulses that cause the atria to contract and initiate the heartbeat.

The SA node is responsible for setting the rhythm of the heartbeat by initiating a regular electrical impulse. This impulse travels through the atria, causing them to contract and pump blood into the ventricles. The SA node acts as the dominant pacemaker of the heart, meaning that its electrical impulses normally control the rate of the heartbeat.

The rate of electrical impulses generated by the SA node is regulated by the autonomic nervous system, which is composed of sympathetic and parasympathetic nerves. The sympathetic nervous system increases heart rate and force of contraction, while the parasympathetic nervous system slows down heart rate and decreases force of contraction.

Overall, the SA node is a crucial component of the cardiac conduction system, ensuring that the heart's contractions are synchronized and coordinated. Dysfunction of the SA node can lead to various heart rhythm disorders, such as sinus bradycardia or sinus tachycardia, which can have significant health consequences if left untreated.",
What is the liver,"The liver is a large, complex organ located in the upper right quadrant of the abdomen, just beneath the diaphragm. It is responsible for performing many important functions in the body, including:
Metabolism of nutrients: The liver is involved in the metabolism of carbohydrates, fats, and proteins, which are important sources of energy for the body.
Production of bile: The liver produces bile, a substance that helps digest fats and absorb fat-soluble vitamins.
Detoxification of harmful substances: The liver is responsible for detoxifying and eliminating harmful substances from the body, including alcohol, drugs, and toxins.
Storage of nutrients: The liver stores important nutrients such as vitamins and minerals, as well as glucose, which is released into the bloodstream as needed.
Production of blood proteins: The liver produces important proteins such as albumin, which helps maintain proper fluid balance in the body, and clotting factors, which are necessary for proper blood clotting.
Regulation of blood glucose levels: The liver plays a critical role in regulating blood glucose levels by storing excess glucose as glycogen and releasing it into the bloodstream when needed.
Overall, the liver is a vital organ that performs many essential functions in the body. Dysfunction of the liver can lead to various health problems, including liver disease, metabolic disorders, and impaired detoxification.",
What is albumin,"Albumin is a protein produced by the liver and is the most abundant protein in the blood. It plays several important roles in maintaining the health and function of the body.

One of the primary functions of albumin is to help maintain proper fluid balance in the body by regulating the movement of water between the blood vessels and tissues. It does this by exerting an osmotic pressure that helps to draw fluid back into the blood vessels.

Albumin also plays a key role in transporting various substances throughout the body, including hormones, fatty acids, and drugs. It acts as a carrier molecule, binding to these substances and transporting them to the tissues where they are needed.

Additionally, albumin is involved in maintaining the pH balance of the blood, protecting against oxidative stress, and regulating blood clotting.

Low levels of albumin in the blood can be a sign of liver disease, kidney disease, malnutrition, or other health problems. This can lead to a variety of complications, including fluid buildup in the tissues (edema), impaired wound healing, and increased susceptibility to infections. Maintaining adequate levels of albumin is important for overall health and well-being.",
What organs are related to the large intestine,"Several organs are related to the large intestine, which is the final portion of the digestive tract responsible for absorbing water and electrolytes from undigested food and eliminating waste.

Small intestine: The small intestine is the portion of the digestive tract that connects the stomach to the large intestine. It is responsible for digesting and absorbing nutrients from food. The large intestine receives undigested material from the small intestine.

Appendix: The appendix is a small pouch-like structure located near the junction of the small and large intestine. Although its function is not entirely clear, it is thought to play a role in the immune system.

Cecum: The cecum is the first part of the large intestine and is located in the lower right abdomen. It receives material from the small intestine and is the site of fermentation of some indigestible carbohydrates.

Colon: The colon is the longest portion of the large intestine and is responsible for absorbing water and electrolytes from the fecal material.

Rectum: The rectum is the final portion of the large intestine and stores fecal material before elimination through the anus.

Together, these organs work to digest and eliminate waste from the body, playing an important role in maintaining overall health and well-being. Dysfunction of the large intestine or related organs can lead to various health problems, including constipation, diarrhea, and inflammatory bowel disease.",
